time,latitude,longitude,depth,mag,magType,nst,gap,dmin,rms,net,id,updated,place,type,horizontalError,depthError,magError,magNst,status,locationSource,magSource
2017-05-03T18:34:46.311Z,59.7697,-136.6851,0,2.3,ml,,,,0.74,ak,ak15890965,2017-05-03T18:38:59.746Z,"84km WNW of Skagway, Alaska",earthquake,,0.3,,,automatic,ak,ak
2017-05-03T18:32:44.958Z,59.7012,-153.3279,106,2.8,ml,,,,0.54,ak,ak15890954,2017-05-03T18:38:59.477Z,"84km W of Anchor Point, Alaska",earthquake,,0.4,,,automatic,ak,ak
2017-05-03T18:30:31.649Z,59.822,-136.7889,0,2.8,ml,,,,0.68,ak,ak15890950,2017-05-03T18:35:29.727Z,"92km WNW of Skagway, Alaska",earthquake,,0.3,,,automatic,ak,ak
2017-05-03T18:28:32.550Z,37.8828316,-122.2503357,9.57,0.78,md,12,120,0.005419,0.03,nc,nc72796320,2017-05-03T18:35:02.363Z,"2km ENE of Berkeley, California",earthquake,0.59,0.8,0.1,6,automatic,nc,nc
2017-05-03T18:27:25.450Z,33.5056667,-116.7925,4.18,0.32,ml,14,97,0.07533,0.2,ci,ci37639151,2017-05-03T18:31:08.605Z,"9km NE of Aguanga, California",earthquake,0.48,1.72,0.06,6,automatic,ci,ci
2017-05-03T18:23:35.610Z,33.5018333,-116.7901667,5.29,0.55,ml,21,75,0.07726,0.18,ci,ci37639143,2017-05-03T18:27:01.843Z,"9km NE of Aguanga, California",earthquake,0.31,1.22,0.093,16,automatic,ci,ci
2017-05-03T18:21:39.320Z,33.4936667,-116.7918333,5.51,1.25,ml,42,60,0.08481,0.16,ci,ci37639135,2017-05-03T18:32:19.770Z,"8km NE of Aguanga, California",earthquake,0.17,0.92,0.115,26,automatic,ci,ci
2017-05-03T18:20:05.305Z,59.8892,-136.7076,0,1.7,ml,,,,0.88,ak,ak15890947,2017-05-03T18:27:50.405Z,"92km WNW of Skagway, Alaska",earthquake,,0.4,,,automatic,ak,ak
2017-05-03T18:02:29.450Z,32.8984985,-117.5098343,1.72,1.44,ml,14,216,0.8587,0.25,ci,ci37639119,2017-05-03T18:04:47.608Z,"23km WNW of La Jolla, CA",earthquake,2.72,8.59,0.3,6,automatic,ci,ci
2017-05-03T17:54:18.180Z,38.8251648,-122.8101654,2.1,0.69,md,7,89,0.001769,0.02,nc,nc72796310,2017-05-03T18:00:06.242Z,"7km W of Cobb, California",earthquake,0.68,1.28,0.26,2,automatic,nc,nc
2017-05-03T17:51:31.500Z,33.5006667,-116.7905,5.77,0.43,ml,12,107,0.07838,0.05,ci,ci37639111,2017-05-03T17:55:12.554Z,"9km NE of Aguanga, California",earthquake,0.15,0.53,0.073,7,automatic,ci,ci
2017-05-03T17:50:34.610Z,33.496,-116.792,3.56,0.92,ml,35,36,0.08294,0.18,ci,ci37639103,2017-05-03T17:54:15.553Z,"8km NE of Aguanga, California",earthquake,0.2,0.77,0.115,25,automatic,ci,ci
2017-05-03T17:50:05.650Z,33.5065,-116.774,5.55,0.32,ml,15,66,0.06626,0.26,ci,ci37639095,2017-05-03T17:53:51.729Z,"10km WSW of Anza, California",earthquake,0.51,1.65,0.087,6,automatic,ci,ci
2017-05-03T17:49:21.010Z,33.5018333,-116.7906667,4.88,0.85,ml,31,60,0.0775,0.17,ci,ci37639087,2017-05-03T17:53:04.747Z,"9km NE of Aguanga, California",earthquake,0.21,1.17,0.145,24,automatic,ci,ci
2017-05-03T17:39:01.250Z,33.0431667,-115.9005,3.43,1.36,ml,28,41,0.09805,0.25,ci,ci37639079,2017-05-03T17:42:42.152Z,"26km W of Westmorland, California",earthquake,0.34,1.01,0.136,26,automatic,ci,ci
2017-05-03T17:29:26.500Z,35.056,-118.338,0.07,1.26,ml,19,63,0.06531,0.23,ci,ci37639071,2017-05-03T17:33:21.026Z,"13km SE of Tehachapi, California",earthquake,0.41,31.61,0.148,29,automatic,ci,ci
2017-05-03T17:24:54.520Z,-56.0293,-26.7022,35,5.3,mb,,68,5.876,1.14,us,us10008nx7,2017-05-03T17:57:28.040Z,"80km NNE of Visokoi Island, South Georgia and the South Sandwich Islands",earthquake,11.8,2,0.061,89,reviewed,us,us
2017-05-03T17:09:29.545Z,59.7728,-136.6729,0,2.3,ml,,,,0.92,ak,ak15889928,2017-05-03T17:15:49.875Z,"84km WNW of Skagway, Alaska",earthquake,,0.3,,,automatic,ak,ak
2017-05-03T16:45:45.510Z,33.7503333,-117.2593333,4.3,1.48,ml,14,115,0.2495,0.33,ci,ci37639039,2017-05-03T16:49:50.230Z,"1km SSE of Good Hope, California",earthquake,1.38,10.7,0.497,33,automatic,ci,ci
2017-05-03T16:39:42.610Z,33.5005,-116.787,5.94,0.42,ml,17,105,0.0769,0.1,ci,ci37639023,2017-05-03T16:43:13.921Z,"9km NE of Aguanga, California",earthquake,0.21,0.74,0.058,11,automatic,ci,ci
2017-05-03T16:37:27.020Z,33.501,-116.7901667,4.27,0.67,ml,25,60,0.07795,0.23,ci,ci37639015,2017-05-03T16:41:12.412Z,"9km NE of Aguanga, California",earthquake,0.27,0.72,0.126,17,automatic,ci,ci
2017-05-03T16:19:33.840Z,33.503,-116.7885,4.52,0.64,ml,24,60,0.07551,0.18,ci,ci37638983,2017-05-03T16:33:35.001Z,"9km NE of Aguanga, California",earthquake,0.26,0.61,0.091,18,reviewed,ci,ci
2017-05-03T16:18:36.570Z,33.7711667,-115.7061667,8.7,1.27,ml,24,98,0.08483,0.19,ci,ci37638975,2017-05-03T16:22:18.226Z,"40km ENE of Mecca, California",earthquake,0.48,1.28,0.179,18,automatic,ci,ci
2017-05-03T16:17:50.810Z,33.7735,-115.7051667,7.53,1.73,ml,37,81,0.08605,0.18,ci,ci37638967,2017-05-03T16:34:57.120Z,"41km ENE of Mecca, California",earthquake,0.34,1.17,0.179,27,reviewed,ci,ci
2017-05-03T16:05:02.560Z,33.5001667,-116.7946667,4.93,0.4,ml,15,108,0.0808,0.07,ci,ci37638959,2017-05-03T16:47:14.723Z,"9km NE of Aguanga, California",earthquake,0.24,0.81,0.126,8,reviewed,ci,ci
2017-05-03T15:59:17.120Z,33.4951667,-116.7885,4.75,0.63,ml,23,60,0.08207,0.11,ci,ci37638951,2017-05-03T16:47:31.448Z,"9km NE of Aguanga, California",earthquake,0.17,0.95,0.094,17,reviewed,ci,ci
2017-05-03T15:57:56.775Z,61.4051,-150.3843,20,1.6,ml,,,,0.45,ak,ak15888924,2017-05-03T16:02:38.407Z,"26km WSW of Big Lake, Alaska",earthquake,,0.2,,,automatic,ak,ak
2017-05-03T15:56:16.990Z,33.4968333,-116.793,4.97,0.8,ml,30,69,0.08271,0.17,ci,ci37638943,2017-05-03T16:47:48.219Z,"8km NE of Aguanga, California",earthquake,0.22,1.27,0.127,23,reviewed,ci,ci
2017-05-03T15:55:30.425Z,61.8623,-150.2341,39.1,2,ml,,,,0.64,ak,ak15888919,2017-05-03T16:00:54.288Z,"16km NW of Willow, Alaska",earthquake,,0.5,,,automatic,ak,ak
2017-05-03T15:52:58.530Z,33.487,-116.793,3.44,1.81,ml,59,35,0.09099,0.18,ci,ci37638927,2017-05-03T16:48:49.930Z,"8km NE of Aguanga, California",earthquake,0.16,0.57,0.128,26,reviewed,ci,ci
2017-05-03T15:52:32.990Z,33.4923333,-116.7925,2.29,0.51,ml,21,83,0.08624,0.21,ci,ci37638919,2017-05-03T16:48:21.455Z,"8km NE of Aguanga, California",earthquake,0.3,0.5,0.103,13,reviewed,ci,ci
2017-05-03T15:49:00.580Z,33.5058333,-116.7883333,6.25,0.4,ml,13,105,0.07312,0.15,ci,ci37638911,2017-05-03T16:48:38.112Z,"9km NE of Aguanga, California",earthquake,0.37,1.23,0.07,5,reviewed,ci,ci
2017-05-03T15:47:35.340Z,33.4835,-116.7965,2.86,2.61,ml,88,28,0.09549,0.21,ci,ci37638903,2017-05-03T18:14:14.855Z,"7km NE of Aguanga, California",earthquake,0.17,0.72,0.194,26,automatic,ci,ci
2017-05-03T15:44:55.600Z,33.4838333,-116.801,3.27,3.37,ml,154,24,0.02197,0.22,ci,ci37638895,2017-05-03T18:22:13.945Z,"7km NE of Aguanga, California",earthquake,0.11,0.36,0.178,288,reviewed,ci,ci
2017-05-03T15:16:56.520Z,38.8361664,-122.784668,1.36,0.89,md,16,115,0.004966,0.03,nc,nc72796275,2017-05-03T16:02:02.515Z,"5km WNW of Cobb, California",earthquake,0.26,0.48,0.12,4,automatic,nc,nc
2017-05-03T15:15:46.020Z,34.6758333,-119.5153333,1.67,1.73,ml,19,73,0.1383,0.26,ci,ci37638871,2017-05-03T15:19:29.898Z,"28km NNE of Montecito, California",earthquake,0.58,1.3,0.217,30,automatic,ci,ci
2017-05-03T15:08:51.020Z,47.6638333,-120.1266667,-0.2,0.18,md,4,174,0.121,0.09,uw,uw61277876,2017-05-03T18:08:21.140Z,"4km WNW of Waterville, Washington",earthquake,0.56,9.57,0.238,4,reviewed,uw,uw
2017-05-03T14:47:35.412Z,61.1527,-152.3576,120.5,2.3,ml,,,,0.58,ak,ak15887914,2017-05-03T14:54:07.179Z,"77km NW of Nikiski, Alaska",earthquake,,0.6,,,automatic,ak,ak
2017-05-03T14:40:52.473Z,61.4085,-146.6605,16,2.4,ml,,,,0.79,ak,ak15887909,2017-05-03T14:54:06.910Z,"35km NNW of Valdez, Alaska",earthquake,,0.2,,,automatic,ak,ak
2017-05-03T14:38:59.658Z,59.773,-136.6668,0,2.4,ml,,,,0.9,ak,ak15887907,2017-05-03T14:45:16.573Z,"84km WNW of Skagway, Alaska",earthquake,,0.3,,,automatic,ak,ak
2017-05-03T14:34:41.150Z,38.8436661,-122.8349991,1.2,0.91,md,8,143,0.005084,0.02,nc,nc72796270,2017-05-03T15:37:01.452Z,"10km WNW of Cobb, California",earthquake,0.72,0.48,0.06,3,automatic,nc,nc
2017-05-03T14:25:04.451Z,59.7751,-136.6673,0,2.3,ml,,,,0.9,ak,ak15887900,2017-05-03T14:28:39.368Z,"84km WNW of Skagway, Alaska",earthquake,,0.3,,,automatic,ak,ak
2017-05-03T14:01:10.097Z,59.7373,-136.9482,0,3,ml,,,,0.81,ak,ak15887896,2017-05-03T14:07:12.745Z,"97km WNW of Skagway, Alaska",earthquake,,0.5,,,automatic,ak,ak
2017-05-03T14:00:04.140Z,33.4951667,-116.7906667,4.12,0.32,ml,11,112,0.08303,0.12,ci,ci37638815,2017-05-03T14:03:43.489Z,"9km NE of Aguanga, California",earthquake,0.32,0.66,0.047,8,automatic,ci,ci
2017-05-03T13:56:45.479Z,64.2729,-149.967,2,1.5,ml,,,,0.69,ak,ak15887894,2017-05-03T14:03:13.821Z,"53km SW of North Nenana, Alaska",earthquake,,0.3,,,automatic,ak,ak
2017-05-03T13:56:24.760Z,33.4886667,-116.7966667,2.56,1.6,ml,62,37,0.09119,0.19,ci,ci37638807,2017-05-03T16:49:57.610Z,"8km NE of Aguanga, California",earthquake,0.17,0.75,0.138,26,reviewed,ci,ci
2017-05-03T13:25:48.340Z,19.6196671,-155.8789978,33.93,2.42,md,52,164,0.03057,0.15,hv,hv61728721,2017-05-03T13:29:31.620Z,"7km E of Holualoa, Hawaii",earthquake,0.63,0.87,0.13,24,automatic,hv,hv
2017-05-03T13:21:45.505Z,59.7757,-136.6865,1.2,2.1,ml,,,,0.9,ak,ak15887889,2017-05-03T13:30:44.779Z,"85km WNW of Skagway, Alaska",earthquake,,0.4,,,automatic,ak,ak
2017-05-03T13:20:18.620Z,33.5523333,-116.5881667,15.09,0.79,ml,31,64,0.02066,0.13,ci,ci37638799,2017-05-03T16:49:28.540Z,"7km E of Anza, California",earthquake,0.22,0.3,0.219,23,reviewed,ci,ci
2017-05-03T13:11:35.070Z,36.0533333,-120.6320038,3.76,1.49,md,16,172,0.07545,0.07,nc,nc72796250,2017-05-03T14:27:03.274Z,"26km WSW of Coalinga, California",earthquake,0.56,0.99,0.71,4,automatic,nc,nc
2017-05-03T13:08:40.320Z,34.0456667,-117.2505,17.38,0.81,ml,17,129,0.1008,0.23,ci,ci37638791,2017-05-03T13:12:21.607Z,"1km ESE of Loma Linda, California",earthquake,0.69,1.17,0.187,14,automatic,ci,ci
2017-05-03T13:08:21.420Z,35.872,-83.685,17.66,1.52,md,9,92,0.07844,0.05,se,se60165857,2017-05-03T14:33:12.060Z,"4km ESE of Seymour, Tennessee",earthquake,0.32,0.55,0.155,5,reviewed,se,se
2017-05-03T13:06:40.690Z,33.1465,-116.5113333,7.42,1.06,ml,34,44,0.09749,0.22,ci,ci37638783,2017-05-03T16:51:04.000Z,"11km NE of Julian, California",earthquake,0.34,1.26,0.166,27,reviewed,ci,ci
2017-05-03T12:51:26.263Z,59.7503,-136.6853,0,2.6,ml,,,,0.86,ak,ak15886895,2017-05-03T12:56:21.075Z,"83km WNW of Skagway, Alaska",earthquake,,0.3,,,automatic,ak,ak
2017-05-03T12:42:48.150Z,-16.136,-73.4694,48.35,5.1,mww,,129,3.724,0.92,us,us10008nt0,2017-05-03T17:46:11.394Z,"97km WNW of Camana, Peru",earthquake,6.9,6.5,,,reviewed,us,us
2017-05-03T12:42:18.610Z,19.222,-155.4035,33.711,2.73,md,55,144,0.01643,0.11,hv,hv61728626,2017-05-03T18:28:59.940Z,"8km ENE of Pahala, Hawaii",earthquake,0.43,0.71,0.157,25,reviewed,hv,hv
2017-05-03T12:36:14.112Z,59.8179,-136.5797,0,2.4,ml,,,,0.89,ak,ak15886892,2017-05-03T12:43:02.092Z,"81km WNW of Skagway, Alaska",earthquake,,0.5,,,automatic,ak,ak
2017-05-03T12:34:46.860Z,61.7499,-149.6423,43.3,1.6,ml,,,,0.43,ak,ak15886890,2017-05-03T12:37:29.868Z,"14km N of Meadow Lakes, Alaska",earthquake,,0.6,,,automatic,ak,ak
2017-05-03T12:33:06.040Z,59.8271,-136.8253,0,2.4,ml,,,,0.78,ak,ak15886888,2017-05-03T12:37:29.590Z,"94km WNW of Skagway, Alaska",earthquake,,0.3,,,automatic,ak,ak
2017-05-03T12:31:56.480Z,38.8358345,-122.8116684,1.59,0.43,md,11,56,0.01248,0.03,nc,nc72796245,2017-05-03T14:01:02.225Z,"7km WNW of Cobb, California",earthquake,0.3,0.8,0.14,2,automatic,nc,nc
2017-05-03T12:29:36.940Z,38.8440018,-122.8396683,1.76,0.69,md,9,114,0.006315,0.03,nc,nc72796240,2017-05-03T13:35:02.505Z,"10km WNW of Cobb, California",earthquake,0.33,0.78,0.09,2,automatic,nc,nc
2017-05-03T12:26:07.603Z,60.2057,-151.0449,81.2,2.1,ml,,,,0.58,ak,ak15886887,2017-05-03T12:30:55.162Z,"23km SE of Cohoe, Alaska",earthquake,,1.2,,,automatic,ak,ak
2017-05-03T12:19:15.210Z,33.2248333,-116.1918333,8.67,1.02,ml,36,49,0.06118,0.19,ci,ci37638775,2017-05-03T16:50:03.281Z,"17km ESE of Borrego Springs, California",earthquake,0.29,0.91,0.079,26,reviewed,ci,ci
2017-05-03T12:17:19.060Z,40.0203,-119.7206,20,-0.1,ml,3,247.39,0.11,0.0899,nn,nn00587857,2017-05-03T18:46:59.329Z,"41km N of Spanish Springs, Nevada",earthquake,,3.1,0,1,reviewed,nn,nn
2017-05-03T12:12:46.420Z,33.1201667,-116.3826667,6.59,0.83,ml,27,59,0.1299,0.19,ci,ci37638767,2017-05-03T12:16:18.301Z,"15km S of Borrego Springs, California",earthquake,0.35,1.07,0.159,20,automatic,ci,ci
2017-05-03T12:04:52.701Z,59.5754,-136.874,32.9,2.2,ml,,,,1.16,ak,ak15886880,2017-05-03T12:08:27.365Z,"89km WNW of Haines, Alaska",earthquake,,0.6,,,automatic,ak,ak
2017-05-03T11:57:53.415Z,59.7678,-136.6869,0,2,ml,,,,0.65,ak,ak15886878,2017-05-03T12:05:41.090Z,"84km WNW of Skagway, Alaska",earthquake,,0.4,,,automatic,ak,ak
2017-05-03T11:51:23.120Z,46.1968333,-122.1936667,2.04,0.08,md,6,126,0.003993,0.04,uw,uw61277841,2017-05-03T18:00:29.290Z,"37km NNE of Amboy, Washington",earthquake,0.77,0.76,0.108,3,reviewed,uw,uw
2017-05-03T11:46:40.602Z,59.816,-136.8278,0,2,ml,,,,0.82,ak,ak15886876,2017-05-03T11:51:20.436Z,"94km WNW of Skagway, Alaska",earthquake,,0.5,,,automatic,ak,ak
2017-05-03T11:40:28.512Z,37.8845,-118.4793,10.5,0.7,ml,10,109.54,0.185,0.2086,nn,nn00587818,2017-05-03T17:14:38.961Z,"50km ENE of Mammoth Lakes, California",earthquake,,6.5,0.36,3,reviewed,nn,nn
2017-05-03T11:26:54.115Z,59.8427,-136.8294,0,1.8,ml,,,,0.75,ak,ak15886875,2017-05-03T11:31:16.733Z,"95km WNW of Skagway, Alaska",earthquake,,0.4,,,automatic,ak,ak
2017-05-03T11:25:49.869Z,59.7685,-136.6864,0.1,1.9,ml,,,,0.94,ak,ak15886874,2017-05-03T11:29:01.540Z,"84km WNW of Skagway, Alaska",earthquake,,0.3,,,automatic,ak,ak
2017-05-03T11:20:49.420Z,59.7164,-136.4982,9,3.8,ml,,,,0.94,us,us10008nsl,2017-05-03T11:43:28.040Z,"72km WNW of Skagway, Alaska",earthquake,4.5,7.5,,,reviewed,ak,ak
2017-05-03T11:14:11.683Z,38.41,-118.9085,9,0.8,ml,8,137.8,0.354,0.1418,nn,nn00587817,2017-05-03T17:05:16.003Z,"27km WSW of Hawthorne, Nevada",earthquake,,3.5,0.16,4,reviewed,nn,nn
2017-05-03T11:03:32.160Z,45.7553333,-111.763,4.47,-0.5,ml,4,193,0.115,0.21,mb,mb80207709,2017-05-03T14:59:18.470Z,"22km SW of Three Forks, Montana",earthquake,4.15,12.21,,0,reviewed,mb,mb
2017-05-03T11:02:12.208Z,59.7582,-136.6726,0,2.5,ml,,,,0.63,ak,ak15886863,2017-05-03T11:07:04.510Z,"83km WNW of Skagway, Alaska",earthquake,,0.3,,,automatic,ak,ak
2017-05-03T10:58:16.299Z,39.5932,-120.6686,0,0.3,ml,5,268.48,0.339,0.206,nn,nn00587856,2017-05-03T18:37:44.794Z,"14km ENE of Downieville, California",earthquake,,0,0.17,2,reviewed,nn,nn
2017-05-03T10:55:21.394Z,59.8211,-136.8311,0.1,2.2,ml,,,,0.86,ak,ak15886860,2017-05-03T11:02:34.662Z,"94km WNW of Skagway, Alaska",earthquake,,0.3,,,automatic,ak,ak
2017-05-03T10:54:34.630Z,34.2481667,-117.4511667,3.69,0.63,ml,9,168,0.03186,0.13,ci,ci37638751,2017-05-03T10:58:03.881Z,"14km NW of Muscoy, California",earthquake,0.53,0.47,0.161,8,automatic,ci,ci
2017-05-03T10:45:23.610Z,37.5890007,-121.7008362,2.37,1.65,md,17,140,0.0555,0.1,nc,nc72796220,2017-05-03T11:45:03.926Z,"11km SSE of Livermore, California",earthquake,0.48,1.07,0.19,14,automatic,nc,nc
2017-05-03T10:43:26.490Z,59.718,-136.7939,0.1,3,ml,,,,0.88,ak,ak15886857,2017-05-03T10:51:20.864Z,"88km WNW of Skagway, Alaska",earthquake,,0.3,,,automatic,ak,ak
2017-05-03T10:39:57.497Z,59.8708,-136.8378,0,1.9,ml,,,,0.83,ak,ak15886856,2017-05-03T10:44:15.727Z,"97km WNW of Skagway, Alaska",earthquake,,0.5,,,automatic,ak,ak
2017-05-03T10:31:21.433Z,59.7799,-136.6992,0.1,1.7,ml,,,,0.75,ak,ak15886854,2017-05-03T10:38:54.346Z,"86km WNW of Skagway, Alaska",earthquake,,0.5,,,automatic,ak,ak
2017-05-03T10:29:10.117Z,59.4886,-136.7279,34.3,2,ml,,,,1.01,ak,ak15886852,2017-05-03T10:34:03.861Z,"78km WNW of Haines, Alaska",earthquake,,0.2,,,automatic,ak,ak
2017-05-03T10:26:05.110Z,38.8433342,-122.824501,1.58,0.68,md,7,92,0.009801,0.01,nc,nc72796215,2017-05-03T11:19:01.849Z,"9km WNW of Cobb, California",earthquake,0.44,0.82,0.11,2,automatic,nc,nc
2017-05-03T10:24:39.310Z,38.8426666,-122.8258362,1.56,1.3,md,22,52,0.008566,0.04,nc,nc72796210,2017-05-03T10:54:02.808Z,"9km WNW of Cobb, California",earthquake,0.19,0.35,0.2,8,automatic,nc,nc
2017-05-03T10:23:26.320Z,33.7213333,-116.7666667,16.2,0.04,ml,18,191,0.04492,0.09,ci,ci37638743,2017-05-03T18:23:30.566Z,"4km SW of Idyllwild-Pine Cove, California",earthquake,0.26,0.37,0.124,9,reviewed,ci,ci
2017-05-03T10:21:37.922Z,38.3937,-118.927,7.7,1.3,ml,12,84.55,0.142,0.1515,nn,nn00587816,2017-05-03T16:55:59.421Z,"30km WSW of Hawthorne, Nevada",earthquake,,2.2,0.25,6,reviewed,nn,nn
2017-05-03T10:21:13.260Z,59.8689,-136.8005,0,1.5,ml,,,,1.04,ak,ak15886851,2017-05-03T10:27:29.034Z,"95km WNW of Skagway, Alaska",earthquake,,0.5,,,automatic,ak,ak
2017-05-03T10:20:14.440Z,33.9336667,-116.8546667,0.95,0.42,ml,11,142,0.1085,0.23,ci,ci37638735,2017-05-03T10:24:00.791Z,"2km ENE of Banning, California",earthquake,0.48,0.67,0.168,7,automatic,ci,ci
2017-05-03T10:05:04.031Z,59.7984,-136.5681,4.7,1.7,ml,,,,0.46,ak,ak15886848,2017-05-03T10:12:48.704Z,"80km WNW of Skagway, Alaska",earthquake,,0.5,,,automatic,ak,ak
2017-05-03T10:04:10.614Z,59.8067,-153.3242,134,2.6,ml,,,,0.98,ak,ak15886846,2017-05-03T10:12:48.436Z,"82km SSW of Redoubt Volcano, Alaska",earthquake,,0.7,,,automatic,ak,ak
2017-05-03T10:00:32.340Z,47.6791667,-114.0293333,8.08,1.15,ml,20,117,0.171,0.17,mb,mb80207689,2017-05-03T14:32:50.530Z,"10km E of Polson, Montana",earthquake,0.43,1.09,0.422,2,reviewed,mb,mb
2017-05-03T09:59:36.609Z,60.9367,-150.9143,17.9,2.1,ml,,,,0.57,ak,ak15886844,2017-05-03T10:02:37.152Z,"34km NE of Nikiski, Alaska",earthquake,,0.2,,,automatic,ak,ak
2017-05-03T09:41:56.901Z,59.8954,-136.7134,0,2.7,ml,,,,0.78,ak,ak15886840,2017-05-03T09:49:30.404Z,"92km WNW of Skagway, Alaska",earthquake,,0.2,,,automatic,ak,ak
2017-05-03T09:35:49.827Z,59.7175,-136.5655,0,1.9,ml,,,,0.86,ak,ak15886839,2017-05-03T09:39:08.515Z,"76km WNW of Skagway, Alaska",earthquake,,0.4,,,automatic,ak,ak
2017-05-03T09:24:52.650Z,35.0166667,-119.3148333,12.57,1.24,ml,8,169,0.1111,0.11,ci,ci37638727,2017-05-03T16:51:20.950Z,"9km ESE of Maricopa, California",earthquake,0.58,1.01,0.149,13,reviewed,ci,ci
2017-05-03T09:23:16.558Z,59.4595,-136.867,31,1.9,ml,,,,0.92,ak,ak15886837,2017-05-03T09:27:04.167Z,"84km WNW of Haines, Alaska",earthquake,,0.5,,,automatic,ak,ak
2017-05-03T09:21:48.430Z,46.8698333,-121.741,-0.68,-0.48,md,5,151,0.006045,0.06,uw,uw60133813,2017-05-03T17:57:50.990Z,"29km N of Packwood, Washington",earthquake,0.66,0.94,0.2,5,reviewed,uw,uw
2017-05-03T09:21:27.710Z,46.8696667,-121.7488333,-1.57,-0.44,md,6,157,0.0114,0.08,uw,uw60133808,2017-05-03T17:53:39.780Z,"29km NNW of Packwood, Washington",earthquake,0.61,0.46,0.193,5,reviewed,uw,uw
2017-05-03T09:21:19.820Z,46.8753333,-121.7401667,0.4,-0.21,md,5,254,0.007025,0.04,uw,uw61277826,2017-05-03T17:47:29.410Z,"30km N of Packwood, Washington",earthquake,0.63,0.94,0.087,5,reviewed,uw,uw
2017-05-03T09:17:24.570Z,46.8725,-121.7346667,0.54,-0.33,md,4,253,0.002325,0.02,uw,uw61277821,2017-05-03T18:11:33.550Z,"29km N of Packwood, Washington",earthquake,1.4,0.49,0.327,4,reviewed,uw,uw
2017-05-03T09:06:45.727Z,59.7777,-136.6993,0,2,ml,,,,0.71,ak,ak15885849,2017-05-03T09:13:56.996Z,"85km WNW of Skagway, Alaska",earthquake,,0.4,,,automatic,ak,ak
2017-05-03T09:03:03.790Z,31.7666664,-115.9079971,15.47,2.98,ml,21,155,0.2398,0.2,ci,ci37638719,2017-05-03T09:05:13.711Z,"62km E of Maneadero, B.C., MX",earthquake,0.58,0.99,0.285,25,automatic,ci,ci
2017-05-03T08:53:37.510Z,42.1441,46.9653,10,5.2,mb,,31,2.607,1.34,us,us10008nrz,2017-05-03T09:46:41.853Z,"12km WSW of Kumukh, Russia",earthquake,4.7,1.7,0.034,290,reviewed,us,us
2017-05-03T08:42:09.303Z,61.1389,-152.0037,102.7,2.3,ml,,,,0.59,ak,ak15885841,2017-05-03T08:49:47.558Z,"63km NW of Nikiski, Alaska",earthquake,,0.7,,,automatic,ak,ak
2017-05-03T08:37:04.480Z,59.796,-136.6969,1,2.2,ml,,,,0.4,ak,ak15885839,2017-05-03T08:44:16.077Z,"86km WNW of Skagway, Alaska",earthquake,,0.2,,,automatic,ak,ak
2017-05-03T08:36:14.430Z,47.4826667,-113.8156667,13.12,-0.78,md,6,156,0.127,0.09,mb,mb80207714,2017-05-03T15:05:52.470Z,"22km ESE of Ronan, Montana",earthquake,1.09,1.57,,1,reviewed,mb,mb
2017-05-03T08:35:50.070Z,34.001,-116.8766667,13.15,1.05,ml,32,66,0.06659,0.15,ci,ci37638711,2017-05-03T16:52:11.520Z,"8km N of Banning, California",earthquake,0.27,0.62,0.22,29,reviewed,ci,ci
2017-05-03T08:29:22.930Z,33.351,-116.3736667,11.84,1.27,ml,45,95,0.09025,0.19,ci,ci37638703,2017-05-03T16:53:16.540Z,"10km N of Borrego Springs, California",earthquake,0.27,0.71,0.19,26,reviewed,ci,ci
2017-05-03T08:26:28.195Z,59.955,-152.8024,85.7,1.4,ml,,,,0.13,ak,ak15885835,2017-05-03T08:28:54.969Z,"57km WNW of Anchor Point, Alaska",earthquake,,0.8,,,automatic,ak,ak
2017-05-03T08:20:47.338Z,59.7656,-136.6771,0,1.9,ml,,,,0.91,ak,ak15885833,2017-05-03T08:27:11.298Z,"84km WNW of Skagway, Alaska",earthquake,,0.4,,,automatic,ak,ak
2017-05-03T08:16:04.325Z,59.8377,-136.8171,0,2.1,ml,,,,0.69,ak,ak15885831,2017-05-03T08:23:23.359Z,"94km WNW of Skagway, Alaska",earthquake,,0.4,,,automatic,ak,ak
2017-05-03T07:47:57.078Z,59.8574,-136.8384,0.1,1.8,ml,,,,0.83,ak,ak15885830,2017-05-03T08:05:27.520Z,"96km WNW of Skagway, Alaska",earthquake,,0.5,,,automatic,ak,ak
2017-05-03T07:44:41.670Z,35.9483333,-117.6541667,2.78,0.46,ml,10,54,0.003103,0.16,ci,ci37638695,2017-05-03T07:48:21.559Z,"30km NW of Searles Valley, California",earthquake,0.35,0.21,0.171,6,automatic,ci,ci
2017-05-03T07:42:00.890Z,40.1208333,-108.8351667,6.78,3.29,ml,17,88,0.4553,0.22,uu,uu60195627,2017-05-03T15:55:16.825Z,"4km NW of Rangely, Colorado",earthquake,0.56,1.52,0.278,20,reviewed,uu,uu
2017-05-03T07:34:09.522Z,59.7825,-136.6929,0,3.5,ml,,,,0.76,ak,ak15884837,2017-05-03T07:45:49.258Z,"85km WNW of Skagway, Alaska",earthquake,,0.2,,,automatic,ak,ak
2017-05-03T07:31:20.393Z,59.7261,-136.5294,8,3.8,ml,,,,0.91,ak,ak15884825,2017-05-03T07:41:29.187Z,"74km WNW of Skagway, Alaska",earthquake,,0.6,,,automatic,ak,ak
2017-05-03T07:28:32.510Z,19.2275009,-155.414505,34.1,2.54,ml,60,136,0.0189,0.17,hv,hv61728236,2017-05-03T07:38:30.008Z,"7km ENE of Pahala, Hawaii",earthquake,0.45,0.6,0.6,12,automatic,hv,hv
2017-05-03T07:22:37.010Z,33.4256667,-116.6085,7.49,0.46,ml,21,94,0.06905,0.1,ci,ci37638687,2017-05-03T16:52:14.935Z,"15km SSE of Anza, California",earthquake,0.23,0.47,0.177,15,reviewed,ci,ci
2017-05-03T07:09:56.350Z,34.4743333,-119.216,14.43,2.19,ml,45,39,0.06023,0.37,ci,ci37638679,2017-05-03T07:21:15.860Z,"3km NE of Ojai, California",earthquake,0.51,1,0.137,27,automatic,ci,ci
2017-05-03T07:04:44.190Z,38.8428345,-122.8249969,1.62,0.45,md,6,99,0.009224,0.01,nc,nc72796185,2017-05-03T07:11:03.374Z,"9km WNW of Cobb, California",earthquake,0.58,0.73,0.14,2,automatic,nc,nc
2017-05-03T07:02:11.847Z,59.8159,-136.818,0,2.6,ml,,,,0.66,ak,ak15884820,2017-05-03T07:14:55.784Z,"93km WNW of Skagway, Alaska",earthquake,,0.3,,,automatic,ak,ak
2017-05-03T07:00:36.230Z,38.7895012,-122.7795029,2.31,0.93,md,14,132,0.007532,0.02,nc,nc72796180,2017-05-03T07:07:02.380Z,"2km NW of The Geysers, California",earthquake,0.3,0.54,0.12,5,automatic,nc,nc
2017-05-03T06:48:53.322Z,40.035,-119.6841,18.6,0.3,ml,4,225.46,0.141,0.1382,nn,nn00587855,2017-05-03T18:31:31.775Z,"42km N of Spanish Springs, Nevada",earthquake,,3.4,0,1,reviewed,nn,nn
2017-05-03T06:37:33.970Z,36.6703339,-121.2948303,4.1,1.88,md,17,75,0.06139,0.02,nc,nc72796175,2017-05-03T08:34:02.796Z,"16km SSE of Ridgemark, California",earthquake,0.22,0.9,0.19,16,automatic,nc,nc
2017-05-03T06:34:28.561Z,59.884,-136.7203,1.3,2.3,ml,,,,0.57,ak,ak15883858,2017-05-03T06:40:48.313Z,"92km WNW of Skagway, Alaska",earthquake,,0.3,,,automatic,ak,ak
2017-05-03T06:29:04.440Z,33.3436667,-116.3165,11.76,0.56,ml,12,205,0.113,0.18,ci,ci37638671,2017-05-03T16:52:32.485Z,"11km NNE of Borrego Springs, California",earthquake,0.6,1.19,0.168,13,reviewed,ci,ci
2017-05-03T06:27:33.170Z,34.1006667,-117.0361667,8.49,0.77,ml,26,64,0.05181,0.12,ci,ci37638663,2017-05-03T16:52:52.271Z,"7km N of Yucaipa, California",earthquake,0.25,0.49,0.096,18,reviewed,ci,ci
2017-05-03T06:25:35.460Z,33.739,-117.5476667,7.2,0.81,ml,14,97,0.07595,0.19,ci,ci37638647,2017-05-03T06:29:18.900Z,"9km NNE of Trabuco Canyon, California",earthquake,0.36,0.85,0.26,8,automatic,ci,ci
2017-05-03T06:17:57.746Z,59.7766,-136.6944,0,2.1,ml,,,,0.69,ak,ak15883847,2017-05-03T06:24:26.307Z,"85km WNW of Skagway, Alaska",earthquake,,0.4,,,automatic,ak,ak
2017-05-03T06:10:59.418Z,60.0523,-152.0362,81.5,1.9,ml,,,,0.84,ak,ak15883846,2017-05-03T06:24:26.039Z,"32km NNW of Anchor Point, Alaska",earthquake,,0.9,,,automatic,ak,ak
2017-05-03T06:05:06.766Z,36.6163,-115.9456,11.8,1.1,ml,32,102.32,0.048,0.1413,nn,nn00587815,2017-05-03T16:14:42.807Z,"45km N of Pahrump, Nevada",earthquake,,0.7,0.3,18,reviewed,nn,nn
2017-05-03T06:04:45.990Z,38.8258324,-122.8033371,2.96,0.91,md,16,69,0.005798,0.03,nc,nc72796165,2017-05-03T07:43:01.440Z,"6km W of Cobb, California",earthquake,0.35,0.53,0.23,5,automatic,nc,nc
2017-05-03T05:56:47.681Z,59.8558,-136.6924,0,2.2,ml,,,,0.53,ak,ak15883828,2017-05-03T06:04:47.557Z,"89km WNW of Skagway, Alaska",earthquake,,0.3,,,automatic,ak,ak
2017-05-03T05:50:35.313Z,59.7762,-136.7897,0,1.9,ml,,,,1.12,ak,ak15882874,2017-05-03T05:54:06.248Z,"90km WNW of Skagway, Alaska",earthquake,,0.4,,,automatic,ak,ak
2017-05-03T05:38:53.730Z,36.132,-117.6733333,-0.24,1.22,ml,25,71,0.0605,0.13,ci,ci37638623,2017-05-03T18:17:02.523Z,"47km NNW of Searles Valley, California",earthquake,0.16,0.27,0.106,17,reviewed,ci,ci
2017-05-03T05:36:31.350Z,39.5178,71.3464,10,4.8,mb,,61,0.675,1.46,us,us10008nqk,2017-05-03T05:53:14.040Z,"34km NNW of Karakenja, Tajikistan",earthquake,4.9,1.5,0.078,51,reviewed,us,us
2017-05-03T05:27:49.900Z,62.3267,-149.7581,5.9,1.7,ml,,,,0.92,ak,ak15882866,2017-05-03T05:31:11.595Z,"18km E of Talkeetna, Alaska",earthquake,,0.6,,,automatic,ak,ak
2017-05-03T05:19:21.420Z,33.4966667,-116.795,4.36,0.58,ml,25,62,0.0838,0.15,ci,ci37638615,2017-05-03T16:54:23.930Z,"8km NE of Aguanga, California",earthquake,0.21,0.47,0.113,19,reviewed,ci,ci
2017-05-03T05:18:35.298Z,59.7617,-136.7006,1,2,ml,,,,0.78,ak,ak15882862,2017-05-03T05:22:45.011Z,"85km WNW of Skagway, Alaska",earthquake,,0.3,,,automatic,ak,ak
2017-05-03T05:15:08.541Z,59.7791,-136.6927,0,1.7,ml,,,,0.98,ak,ak15882860,2017-05-03T05:19:17.954Z,"85km WNW of Skagway, Alaska",earthquake,,0.4,,,automatic,ak,ak
2017-05-03T05:09:52.690Z,-59.7975,-27.4022,122.43,5,mb,,52,8.666,0.71,us,us10008nqa,2017-05-03T05:30:56.040Z,"98km SSW of Bristol Island, South Sandwich Islands",earthquake,11.1,6.8,0.082,48,reviewed,us,us
2017-05-03T05:08:48.720Z,71.1991,-8.563,10,4.8,mb,,54,4.468,0.71,us,us10008nq8,2017-05-03T05:57:14.040Z,"31km N of Olonkinbyen, Svalbard and Jan Mayen",earthquake,3.4,1.9,0.053,110,reviewed,us,us
2017-05-03T05:06:57.292Z,59.728,-136.6993,6.3,1.8,ml,,,,0.89,ak,ak15882853,2017-05-03T05:13:55.831Z,"83km WNW of Skagway, Alaska",earthquake,,0.5,,,automatic,ak,ak
2017-05-03T04:51:22.031Z,59.784,-136.7003,0,2.3,ml,,,,0.52,ak,ak15882828,2017-05-03T04:56:29.040Z,"86km WNW of Skagway, Alaska",earthquake,,0.3,,,automatic,ak,ak
2017-05-03T04:47:13.540Z,39.51,71.4027,10,5.9,mww,,46,0.708,1.08,us,us10008npq,2017-05-03T18:27:10.040Z,"32km NNW of Karakenja, Tajikistan",earthquake,4.7,1.9,,,reviewed,us,us
2017-05-03T04:46:55.590Z,39.533,71.3138,10,4.8,mb,,51,0.648,1.21,us,us10008npr,2017-05-03T12:49:33.628Z,"37km NNW of Karakenja, Tajikistan",earthquake,5,1.9,0.057,94,reviewed,us,us
2017-05-03T04:45:26.732Z,64.8535,-148.695,14.6,1.2,ml,,,,0.5,ak,ak15881873,2017-05-03T04:53:02.085Z,"32km W of Ester, Alaska",earthquake,,0.2,,,automatic,ak,ak
2017-05-03T04:43:52.370Z,-13.7494,167.1747,194.53,4.6,mb,,67,6.989,0.72,us,us10008npp,2017-05-03T05:03:29.040Z,"43km WNW of Sola, Vanuatu",earthquake,10.1,7.6,0.064,73,reviewed,us,us
2017-05-03T04:41:02.670Z,37.0658333,-117.4415,3.84,0.99,ml,10,126,0.09207,0.13,ci,ci37638607,2017-05-03T18:13:46.502Z,"63km WNW of Beatty, Nevada",earthquake,0.33,0.6,0.095,9,reviewed,ci,ci
2017-05-03T04:22:12.360Z,38.8276672,-122.7965012,2.66,0.55,md,13,83,0.01143,0.02,nc,nc72796155,2017-05-03T04:28:02.958Z,"6km W of Cobb, California",earthquake,0.34,0.51,0.25,3,automatic,nc,nc
2017-05-03T04:10:41.479Z,59.7906,-136.7085,0,1.7,ml,,,,0.74,ak,ak15881867,2017-05-03T04:16:21.746Z,"86km WNW of Skagway, Alaska",earthquake,,0.5,,,automatic,ak,ak
2017-05-03T04:07:21.739Z,59.7861,-136.6991,0.9,2,ml,,,,0.49,ak,ak15881864,2017-05-03T04:11:21.584Z,"86km WNW of Skagway, Alaska",earthquake,,0.2,,,automatic,ak,ak
2017-05-03T04:06:25.057Z,65.4865,-149.8716,13.5,1.1,ml,,,,0.93,ak,ak15881863,2017-05-03T04:11:21.806Z,"64km NNE of Manley Hot Springs, Alaska",earthquake,,0.5,,,automatic,ak,ak
2017-05-03T03:55:12.240Z,19.2285004,-155.4111633,33.75,2,md,43,141,0.01571,0.15,hv,hv61727831,2017-05-03T03:58:35.520Z,"7km ENE of Pahala, Hawaii",earthquake,0.6,0.64,0.01,3,automatic,hv,hv
2017-05-03T03:54:24.951Z,59.7969,-136.6359,1.8,1.6,ml,,,,0.78,ak,ak15881860,2017-05-03T04:00:40.862Z,"83km WNW of Skagway, Alaska",earthquake,,0.6,,,automatic,ak,ak
2017-05-03T03:45:22.055Z,59.8207,-136.5932,0,2.7,ml,,,,0.63,ak,ak15881856,2017-05-03T03:55:41.132Z,"82km WNW of Skagway, Alaska",earthquake,,0.2,,,automatic,ak,ak
2017-05-03T03:37:50.310Z,34.044,-116.6353333,10.64,0.61,ml,23,87,0.01182,0.11,ci,ci37638591,2017-05-03T18:11:00.136Z,"5km W of Morongo Valley, California",earthquake,0.18,0.28,0.105,9,reviewed,ci,ci
2017-05-03T03:36:22.583Z,59.7187,-136.8301,0.1,2.4,ml,,,,0.72,ak,ak15881853,2017-05-03T03:39:39.370Z,"90km WNW of Skagway, Alaska",earthquake,,0.3,,,automatic,ak,ak
2017-05-03T03:34:36.176Z,59.8267,-136.8219,0,2.4,ml,,,,0.8,ak,ak15881847,2017-05-03T03:39:39.063Z,"94km WNW of Skagway, Alaska",earthquake,,0.3,,,automatic,ak,ak
2017-05-03T03:17:14.555Z,37.0758,-114.841,3.2,0.7,ml,4,140.51,0.371,0.1851,nn,nn00587851,2017-05-03T17:54:34.406Z,"43km SE of Alamo, Nevada",earthquake,,6.6,0.27,3,reviewed,nn,nn
2017-05-03T03:13:02.016Z,59.8965,-136.7219,2.2,2.1,ml,,,,0.67,ak,ak15881842,2017-05-03T03:17:36.829Z,"93km WNW of Skagway, Alaska",earthquake,,0.3,,,automatic,ak,ak
2017-05-03T03:07:00.571Z,61.0803,-152.3943,113.3,1.7,ml,,,,0.38,ak,ak15881838,2017-05-03T03:10:33.118Z,"68km NNE of Redoubt Volcano, Alaska",earthquake,,0.6,,,automatic,ak,ak
2017-05-03T03:05:59.969Z,59.7742,-136.6964,0,2.1,ml,,,,0.68,ak,ak15881835,2017-05-03T03:08:49.811Z,"85km WNW of Skagway, Alaska",earthquake,,0.3,,,automatic,ak,ak
2017-05-03T02:59:05.967Z,59.7617,-136.7018,0,2.8,ml,,,,0.75,ak,ak15881828,2017-05-03T03:03:29.452Z,"85km WNW of Skagway, Alaska",earthquake,,0.2,,,automatic,ak,ak
2017-05-03T02:58:38.813Z,37.311,-114.6492,8.6,1.3,ml,8,101.47,0.334,0.1434,nn,nn00587810,2017-05-03T16:27:16.893Z,"35km SSW of Caliente, Nevada",earthquake,,2.4,0.25,6,reviewed,nn,nn
2017-05-03T02:55:07.594Z,59.8073,-136.7326,3.8,1.7,ml,,,,0.43,ak,ak15880877,2017-05-03T03:01:15.086Z,"88km WNW of Skagway, Alaska",earthquake,,0.7,,,automatic,ak,ak
2017-05-03T02:55:00.460Z,33.4836667,-116.7965,3.35,2.08,ml,100,17,0.02351,0.2,ci,ci37638575,2017-05-03T18:08:35.070Z,"7km NE of Aguanga, California",earthquake,0.12,0.34,0.158,26,reviewed,ci,ci
2017-05-03T02:53:40.760Z,34.5026667,-116.238,6.62,1.1,ml,16,90,0.1935,0.12,ci,ci37638583,2017-05-03T17:46:16.190Z,"41km N of Joshua Tree, California",earthquake,0.22,1.06,0.101,14,reviewed,ci,ci
2017-05-03T02:49:27.647Z,59.6977,-136.4214,9,3.2,ml,,,,1.06,ak,ak15880867,2017-05-03T02:55:23.485Z,"68km WNW of Skagway, Alaska",earthquake,,0.5,,,automatic,ak,ak
2017-05-03T02:48:06.350Z,36.0481667,-117.8806667,2.19,1.05,ml,22,93,0.04111,0.11,ci,ci37638567,2017-05-03T17:42:33.893Z,"44km N of Inyokern, California",earthquake,0.16,0.16,0.228,16,reviewed,ci,ci
2017-05-03T02:46:46.570Z,32.9711667,-117.7263333,17.65,1.77,ml,38,157,0.4228,0.17,ci,ci37638559,2017-05-03T17:38:26.867Z,"40km SW of Oceanside, California",earthquake,0.3,0.78,0.168,22,reviewed,ci,ci
2017-05-03T02:40:13.590Z,37.5929985,-121.7149963,4.99,1.49,md,7,135,0.04422,0.06,nc,nc72796140,2017-05-03T05:46:04.126Z,"10km SSE of Livermore, California",earthquake,0.74,1.29,0.18,6,automatic,nc,nc
2017-05-03T02:32:37.403Z,59.8223,-136.822,0,2,ml,,,,0.89,ak,ak15880862,2017-05-03T02:44:22.080Z,"94km WNW of Skagway, Alaska",earthquake,,0.4,,,automatic,ak,ak
2017-05-03T02:23:17.361Z,69.1448,-146.5086,0,1.3,ml,,,,0.93,ak,ak15880860,2017-05-03T02:27:40.606Z,"120km NNW of Arctic Village, Alaska",earthquake,,0.4,,,automatic,ak,ak
2017-05-03T02:06:19.480Z,34.3193333,-81.3173333,5.22,1.64,md,7,103,0.06067,0.28,se,se60037403,2017-05-03T11:56:47.100Z,"17km N of Chapin, South Carolina",earthquake,1.52,1.79,0.079,5,reviewed,se,se
2017-05-03T02:06:03.923Z,59.8893,-136.7153,0,2.5,ml,,,,0.78,ak,ak15880855,2017-05-03T02:09:58.203Z,"92km WNW of Skagway, Alaska",earthquake,,0.3,,,automatic,ak,ak
2017-05-03T02:02:14.990Z,59.7789,-136.6915,0,1.6,ml,,,,0.68,ak,ak15880854,2017-05-03T02:08:14.850Z,"85km WNW of Skagway, Alaska",earthquake,,0.5,,,automatic,ak,ak
2017-05-03T01:58:56.924Z,59.8048,-136.8335,0,3.1,ml,,,,0.59,ak,ak15880850,2017-05-03T02:03:56.653Z,"94km WNW of Skagway, Alaska",earthquake,,0.3,,,automatic,ak,ak
2017-05-03T01:44:33.266Z,63.3677,-151.1559,6.2,0.9,ml,,,,0.64,ak,ak15880844,2017-05-03T01:52:03.624Z,"110km W of Cantwell, Alaska",earthquake,,0.3,,,automatic,ak,ak
2017-05-03T01:40:54.998Z,39.7579,-120.3415,12,-0.1,ml,3,211.81,0.11,0.0352,nn,nn00587823,2017-05-03T13:21:17.295Z,"12km ESE of Portola, California",earthquake,,5.4,0.3,2,reviewed,nn,nn
2017-05-03T01:35:24.350Z,39.3978333,-120.2526667,5.96,2.47,md,19,73,0.06991,0.05,nc,nc72796130,2017-05-03T17:56:02.233Z,"9km NW of Truckee, California",earthquake,0.23,0.93,0.229,33,reviewed,nc,nc
2017-05-03T01:26:38.608Z,59.897,-136.7109,0,2,ml,,,,0.82,ak,ak15880839,2017-05-03T01:30:12.544Z,"92km WNW of Skagway, Alaska",earthquake,,0.4,,,automatic,ak,ak
2017-05-03T01:24:02.260Z,37.2468338,-121.635498,2.98,2.57,md,58,43,0.03238,0.07,nc,nc72796125,2017-05-03T05:06:02.034Z,"13km N of Morgan Hill, California",earthquake,0.14,0.34,0.09,63,automatic,nc,nc
2017-05-03T01:18:05.540Z,38.8301659,-122.8081665,1.75,1.11,md,17,74,0.006923,0.02,nc,nc72796120,2017-05-03T01:29:04.429Z,"7km W of Cobb, California",earthquake,0.27,0.4,0.08,4,automatic,nc,nc
2017-05-03T01:10:04.210Z,38.8301659,-122.8085022,1.83,0.65,md,14,61,0.006872,0.03,nc,nc72796115,2017-05-03T01:19:02.387Z,"7km W of Cobb, California",earthquake,0.3,0.68,0.28,2,automatic,nc,nc
2017-05-03T01:10:01.873Z,51.6773,-178.5108,15.4,2.7,ml,,,,0.24,ak,ak15880831,2017-05-03T02:41:05.682Z,"34km SW of Tanaga Volcano, Alaska",earthquake,,1,,,reviewed,ak,ak
2017-05-03T01:09:48.250Z,38.8296667,-122.8076667,1.98,1.54,md,50,27,0.006539,0.06,nc,nc72796110,2017-05-03T18:10:02.289Z,"7km W of Cobb, California",earthquake,0.14,0.18,0.273,27,reviewed,nc,nc
2017-05-03T01:09:33.611Z,59.8425,-136.6498,1.1,1.9,ml,,,,0.53,ak,ak15880830,2017-05-03T01:17:08.664Z,"86km WNW of Skagway, Alaska",earthquake,,0.3,,,automatic,ak,ak
2017-05-03T01:08:53.045Z,51.7617,-178.4994,8.9,1.8,ml,,,,0.6,ak,ak15880829,2017-05-03T02:46:05.447Z,"28km WSW of Tanaga Volcano, Alaska",earthquake,,0.6,,,reviewed,ak,ak
2017-05-03T00:59:31.510Z,34.2325,-117.495,8.86,1.01,ml,35,51,0.01051,0.13,ci,ci37638535,2017-05-03T17:13:53.570Z,"16km NNW of Fontana, California",earthquake,0.16,0.28,0.167,18,reviewed,ci,ci
2017-05-03T00:59:06.336Z,59.8954,-136.9635,0,2,ml,,,,0.8,ak,ak15880824,2017-05-03T01:06:29.149Z,"100km SSE of Haines Junction, Canada",earthquake,,0.4,,,automatic,ak,ak
2017-05-03T00:56:29.729Z,62.9229,-150.9244,102.2,2,ml,,,,0.47,ak,ak15880820,2017-05-03T01:01:40.255Z,"78km NNW of Talkeetna, Alaska",earthquake,,0.8,,,automatic,ak,ak
2017-05-03T00:54:51.800Z,38.8269997,-122.7956696,2.44,0.65,md,11,128,0.01181,0.04,nc,nc72796105,2017-05-03T01:01:04.332Z,"6km W of Cobb, California",earthquake,0.47,0.87,0.28,2,automatic,nc,nc
2017-05-03T00:42:47.854Z,59.7785,-136.6791,0,2,ml,,,,0.67,ak,ak15880818,2017-05-03T00:48:26.294Z,"84km WNW of Skagway, Alaska",earthquake,,0.3,,,automatic,ak,ak
2017-05-03T00:39:03.541Z,65.0114,-147.3307,10.9,1.1,ml,,,,1.1,ak,ak15880815,2017-05-03T00:44:59.794Z,"25km NNE of Badger, Alaska",earthquake,,0.4,,,automatic,ak,ak
2017-05-03T00:25:59.995Z,59.7881,-136.7106,0,2,ml,,,,0.86,ak,ak15880813,2017-05-03T00:29:21.708Z,"86km WNW of Skagway, Alaska",earthquake,,0.3,,,automatic,ak,ak
2017-05-03T00:25:58.610Z,38.8236656,-122.8563309,2.9,0.19,md,10,160,0.003897,0.02,nc,nc72796100,2017-05-03T00:33:04.258Z,"10km WNW of The Geysers, California",earthquake,0.43,0.57,0.11,2,automatic,nc,nc
2017-05-03T00:12:18.900Z,19.3649998,-155.4878387,8.15,2.13,ml,36,40,0.02974,0.24,hv,hv61727376,2017-05-03T00:17:56.730Z,"17km N of Pahala, Hawaii",earthquake,0.39,0.84,0.31,3,automatic,hv,hv
2017-05-03T00:09:41.895Z,59.7807,-136.3625,4,3,ml,,,,0.81,ak,ak15880807,2017-05-03T00:14:43.833Z,"69km WNW of Skagway, Alaska",earthquake,,0.3,,,automatic,ak,ak
2017-05-03T00:08:17.682Z,59.7856,-136.8176,0,1.9,ml,,,,0.88,ak,ak15880805,2017-05-03T00:11:16.728Z,"92km WNW of Skagway, Alaska",earthquake,,0.4,,,automatic,ak,ak
2017-05-02T23:57:20.455Z,59.8447,-136.8185,0,1.8,ml,,,,0.86,ak,ak15880802,2017-05-03T00:01:29.853Z,"95km WNW of Skagway, Alaska",earthquake,,0.4,,,automatic,ak,ak
2017-05-02T23:51:30.020Z,37.5891667,-121.7055,3.62,1.53,md,24,95,0.05246,0.07,nc,nc72796095,2017-05-03T02:17:02.688Z,"11km SSE of Livermore, California",earthquake,0.25,0.46,0.1,20,reviewed,nc,nc
2017-05-02T23:24:00.929Z,59.7747,-136.6773,0,1.9,ml,,,,0.96,ak,ak15879860,2017-05-02T23:29:02.929Z,"84km WNW of Skagway, Alaska",earthquake,,0.4,,,automatic,ak,ak
2017-05-02T23:23:51.200Z,35.0351667,-117.6758333,-0.82,1.74,ml,20,58,0.1019,0.12,ci,ci37638519,2017-05-03T00:35:31.591Z,"4km NNW of Boron, California",quarry blast,0.29,31.61,0.183,28,reviewed,ci,ci
2017-05-02T23:15:51.870Z,45.8718333,-112.0293333,-2,-0.36,md,4,206,0.111,0.02,mb,mb80207704,2017-05-03T14:46:04.880Z,"5km E of Whitehall, Montana",quarry blast,1.82,31.61,,1,reviewed,mb,mb
2017-05-02T23:13:09.693Z,59.777,-136.7012,0,1.7,ml,,,,0.64,ak,ak15879858,2017-05-02T23:19:47.994Z,"85km WNW of Skagway, Alaska",earthquake,,0.4,,,automatic,ak,ak
2017-05-02T23:12:17.550Z,33.4918333,-116.7873333,5.2,0.58,ml,22,56,0.08444,0.1,ci,ci37638511,2017-05-03T00:32:33.877Z,"9km NE of Aguanga, California",earthquake,0.16,0.72,0.115,16,reviewed,ci,ci
2017-05-02T23:02:41.937Z,59.7701,-136.6666,0,1.6,ml,,,,0.88,ak,ak15879851,2017-05-02T23:08:21.457Z,"83km WNW of Skagway, Alaska",earthquake,,0.4,,,automatic,ak,ak
2017-05-02T22:58:40.731Z,59.8462,-136.5664,0,1.4,ml,,,,0.79,ak,ak15879850,2017-05-02T23:02:28.086Z,"82km WNW of Skagway, Alaska",earthquake,,0.4,,,automatic,ak,ak
2017-05-02T22:56:17.283Z,59.803,-136.6956,0.1,1.4,ml,,,,0.89,ak,ak15879849,2017-05-02T23:00:47.041Z,"86km WNW of Skagway, Alaska",earthquake,,0.5,,,automatic,ak,ak
2017-05-02T22:56:07.380Z,33.0838333,-114.988,-0.15,1.62,ml,6,206,0.1116,0.1,ci,ci37638495,2017-05-03T00:17:32.566Z,"47km NE of Holtville, California",quarry blast,0.71,31.61,0.163,8,reviewed,ci,ci
2017-05-02T22:47:29.890Z,35.3244,26.8438,10.56,4,mb,,116,0.341,0.99,us,us10008nmd,2017-05-02T23:05:57.040Z,"39km WSW of Karpathos, Greece",earthquake,4.5,5.5,0.093,31,reviewed,us,us
2017-05-02T22:46:43.020Z,32.9051667,-116.2645,14.47,0.95,ml,14,93,0.1334,0.13,ci,ci37638479,2017-05-03T00:13:43.394Z,"26km ENE of Pine Valley, California",earthquake,0.31,0.87,0.134,15,reviewed,ci,ci
2017-05-02T22:42:43.260Z,59.8145,-136.5786,0,2.4,ml,,,,0.83,ak,ak15879840,2017-05-02T22:46:59.908Z,"81km WNW of Skagway, Alaska",earthquake,,0.3,,,automatic,ak,ak
2017-05-02T22:31:08.237Z,63.0519,-149.2585,70.1,1.5,ml,,,,0.68,ak,ak15879838,2017-05-02T22:35:03.568Z,"40km SSW of Cantwell, Alaska",earthquake,,0.6,,,automatic,ak,ak
2017-05-02T22:22:28.030Z,59.7759,-136.6597,2.31,3,ml,,114,0.565,0.94,us,us10008nm1,2017-05-02T22:34:42.040Z,"83km WNW of Skagway, Alaska",earthquake,2.8,9.8,0.055,43,reviewed,us,us
2017-05-02T22:18:52.020Z,36.2308333,-89.4733333,5.17,2.41,md,36,36,0.03947,0.15,nm,nm60165817,2017-05-03T12:18:43.261Z,"3km SSE of Ridgely, Tennessee",earthquake,0.17,0.5,0.147,28,reviewed,nm,nm
2017-05-02T22:16:39.940Z,59.82,-136.7795,0,2.5,ml,,,,0.59,ak,ak15879832,2017-05-02T22:20:25.654Z,"91km WNW of Skagway, Alaska",earthquake,,0.3,,,automatic,ak,ak
2017-05-02T22:16:10.360Z,43.3651667,-123.1426667,-0.57,1.4,ml,4,157,0.07462,0.1,uw,uw61277656,2017-05-02T22:50:42.440Z,"7km NNW of Glide, Oregon",explosion,1.32,31.61,0.09,2,reviewed,uw,uw
2017-05-02T22:14:30.126Z,59.7845,-136.6986,0,1.7,ml,,,,0.62,ak,ak15878894,2017-05-02T22:18:44.580Z,"86km WNW of Skagway, Alaska",earthquake,,0.5,,,automatic,ak,ak
2017-05-02T22:10:34.840Z,19.4056664,-155.2841644,1.51,2.52,md,17,63,0.007034,0.14,hv,hv61727121,2017-05-02T22:13:33.010Z,"5km WSW of Volcano, Hawaii",earthquake,0.17,0.33,0.08,10,automatic,hv,hv
2017-05-02T22:04:09.080Z,45.94,-122.4121667,10.03,0.75,ml,7,145,0.009003,0.13,uw,uw61277651,2017-05-02T22:19:31.640Z,"4km NE of Amboy, Washington",earthquake,0.79,0.9,0.111,5,reviewed,uw,uw
2017-05-02T22:03:03.920Z,33.867,-117.528,-0.66,0.93,ml,10,123,0.08495,0.11,ci,ci37638447,2017-05-02T22:42:31.532Z,"1km SSW of Home Gardens, California",quarry blast,0.37,31.61,0.076,13,reviewed,ci,ci
2017-05-02T22:00:31.410Z,33.9336667,-116.0325,4.92,0.94,ml,13,129,0.07259,0.08,ci,ci37638439,2017-05-02T22:39:30.686Z,"22km S of Twentynine Palms, California",earthquake,0.21,0.32,0.128,5,reviewed,ci,ci
2017-05-02T21:43:34.640Z,46.9658333,-120.3625,-0.56,1.33,ml,8,197,0.2605,0.19,uw,uw61277631,2017-05-02T22:02:19.670Z,"4km ESE of Kittitas, Washington",explosion,1.16,31.61,0.052,5,reviewed,uw,uw
2017-05-02T21:37:23.018Z,50.8943,-178.8727,105.2,2.5,ml,,,,0.03,ak,ak15878883,2017-05-03T01:59:27.645Z,"44km SSE of Amatignak Island, Alaska",earthquake,,12,,,reviewed,ak,ak
2017-05-02T21:31:23.970Z,19.2224998,-155.414505,33.97,2,md,37,144,0.02193,0.14,hv,hv61726941,2017-05-02T21:34:52.490Z,"7km ENE of Pahala, Hawaii",earthquake,0.49,0.55,0.15,9,automatic,hv,hv
2017-05-02T21:30:21.260Z,38.8586655,-122.8083344,-0.6,0.33,md,6,204,0.02918,0.2,nc,nc72796085,2017-05-02T22:54:02.363Z,"8km WNW of Cobb, California",earthquake,1.83,9.21,0.04,2,automatic,nc,nc
2017-05-02T21:30:13.807Z,39.5153,-120.3528,11.6,0.4,ml,9,187.82,0.166,0.1745,nn,nn00587788,2017-05-03T00:42:27.580Z,"25km NW of Truckee, California",earthquake,,3.7,0.41,3,reviewed,nn,nn
2017-05-02T21:29:47.150Z,19.560667,-155.1768341,10.31,2.22,ml,9,208,0.1804,0.38,hv,hv61726936,2017-05-02T21:35:28.050Z,"7km W of Mountain View, Hawaii",earthquake,3.56,13.62,0.2,14,automatic,hv,hv
2017-05-02T21:25:29.230Z,33.2946667,-116.2046667,9.35,0.94,ml,29,60,0.1098,0.23,ci,ci37638423,2017-05-02T21:36:20.721Z,"16km ENE of Borrego Springs, California",earthquake,0.29,0.86,0.114,20,reviewed,ci,ci
2017-05-02T21:24:17.699Z,51.4899,-178.5063,6.5,1.8,ml,,,,0.52,ak,ak15878872,2017-05-03T01:52:03.885Z,"48km ENE of Amatignak Island, Alaska",earthquake,,3,,,reviewed,ak,ak
2017-05-02T21:16:54.070Z,49.4771667,-120.5456667,-1.5,2.27,ml,11,273,0.9705,0.26,uw,uw61277616,2017-05-02T21:58:39.060Z,"3km NW of Princeton, Canada",explosion,3.42,31.61,0.168,9,reviewed,uw,uw
2017-05-02T21:12:55.100Z,39.253,-120.1735,0,2.9,mh,0,355,1.871,4.07,nc,nc72796075,2017-05-03T14:29:51.236Z,"8km S of Truckee, California",sonic boom,98.99,77.55,,0,reviewed,nc,nc
2017-05-02T21:12:11.540Z,35.8557,60.5732,10,5.1,mb,,53,2.005,0.79,us,us10008nl9,2017-05-03T07:31:57.948Z,"68km N of Torbat-e Jam, Iran",earthquake,6.6,1.9,0.05,133,reviewed,us,us
2017-05-02T21:11:54.423Z,59.7335,-136.7323,0,2,ml,,,,0.71,ak,ak15877930,2017-05-02T21:16:33.741Z,"85km WNW of Skagway, Alaska",earthquake,,0.3,,,automatic,ak,ak
2017-05-02T21:11:39.520Z,37.5796667,-118.8201667,5.56,0.39,md,8,318,0.01255,0.02,nc,nc72796070,2017-05-03T00:12:02.184Z,"15km ESE of Mammoth Lakes, California",earthquake,0.54,0.76,0.352,5,reviewed,nc,nc
2017-05-02T21:08:52.077Z,59.7634,-136.6688,0,1.6,ml,,,,0.81,ak,ak15877929,2017-05-02T21:13:11.626Z,"83km WNW of Skagway, Alaska",earthquake,,0.4,,,automatic,ak,ak
2017-05-02T20:56:49.320Z,59.9408,-136.8483,0.1,2.1,ml,,,,0.53,ak,ak15877924,2017-05-02T21:01:25.867Z,"97km SSE of Haines Junction, Canada",earthquake,,0.4,,,automatic,ak,ak
2017-05-02T20:55:08.380Z,38.8261681,-122.7965012,2.43,0.55,md,11,80,0.01096,0.03,nc,nc72796060,2017-05-02T22:03:05.234Z,"6km W of Cobb, California",earthquake,0.41,0.69,0.25,3,automatic,nc,nc
2017-05-02T20:54:37.600Z,38.8256683,-122.7998352,2.44,1.18,md,16,75,0.008314,0.02,nc,nc72796055,2017-05-02T21:38:03.180Z,"6km W of Cobb, California",earthquake,0.27,0.54,0.18,4,automatic,nc,nc
2017-05-02T20:53:40.120Z,38.8266667,-122.7976667,2.58,2.3,md,69,41,0.01023,0.04,nc,nc72796050,2017-05-03T04:35:02.970Z,"6km W of Cobb, California",earthquake,0.12,0.18,0.182,41,reviewed,nc,nc
2017-05-02T20:49:47.960Z,59.7926,-136.7892,4.08,2.9,ml,,88,0.507,0.83,us,us10008nky,2017-05-03T17:07:31.040Z,"91km WNW of Skagway, Alaska",earthquake,2.4,7.6,0.049,54,reviewed,us,us
2017-05-02T20:41:58.600Z,34.1733333,-117.5575,9.26,0.87,ml,26,101,0.05241,0.08,ci,ci37638407,2017-05-02T21:30:32.691Z,"8km NNE of Rancho Cucamonga, California",earthquake,0.16,0.28,0.135,13,reviewed,ci,ci
2017-05-02T20:39:26.891Z,59.7993,-136.7334,0,2.4,ml,,,,0.71,ak,ak15877919,2017-05-02T20:44:06.500Z,"88km WNW of Skagway, Alaska",earthquake,,0.3,,,automatic,ak,ak
2017-05-02T20:21:14.506Z,36.0797,-116.6809,9.2,0,ml,4,192.37,0.107,0.0497,nn,nn00587776,2017-05-02T21:31:45.684Z,"64km WSW of Pahrump, Nevada",earthquake,,4.6,0.07,3,reviewed,nn,nn
2017-05-02T20:14:33.770Z,33.8761667,-117.5083333,-0.52,0.89,ml,24,84,0.0788,0.14,ci,ci37638391,2017-05-03T00:35:55.360Z,"1km E of Home Gardens, California",quarry blast,0.3,31.61,0.099,5,reviewed,ci,ci
2017-05-02T20:08:47.860Z,38.8300018,-122.8619995,0.33,0.32,md,6,168,0.004696,0,nc,nc72796045,2017-05-02T20:38:02.038Z,"10km WNW of The Geysers, California",earthquake,0.48,1.36,0.31,2,automatic,nc,nc
2017-05-02T20:07:27.388Z,66.014,-147.8382,4.6,1.6,ml,,,,0.81,ak,ak15876977,2017-05-02T20:21:05.363Z,"129km N of College, Alaska",earthquake,,0.2,,,automatic,ak,ak
2017-05-02T20:02:47.220Z,-9.5023,111.8733,17.06,4.6,mb,,72,2.068,0.83,us,us10008nkc,2017-05-03T16:56:20.040Z,"135km SSW of Tambakrejo, Indonesia",earthquake,5.2,4.8,0.067,69,reviewed,us,us
2017-05-02T19:52:59.490Z,59.7846,-136.5881,5.84,2.6,ml,,90,0.603,0.55,us,us10008ngx,2017-05-03T16:43:32.040Z,"80km WNW of Skagway, Alaska",earthquake,2.1,7.8,0.058,39,reviewed,us,us
2017-05-02T19:50:42.679Z,59.7783,-136.7298,1.1,1.8,ml,,,,0.97,ak,ak15876953,2017-05-02T19:54:24.380Z,"87km WNW of Skagway, Alaska",earthquake,,0.3,,,automatic,ak,ak
2017-05-02T19:40:05.717Z,59.8902,-136.7248,0,2.3,ml,,,,0.86,ak,ak15876951,2017-05-02T19:44:41.141Z,"92km WNW of Skagway, Alaska",earthquake,,0.2,,,automatic,ak,ak
2017-05-02T19:32:41.438Z,59.7702,-136.6757,0,1.8,ml,,,,0.93,ak,ak15876950,2017-05-02T19:39:49.240Z,"84km WNW of Skagway, Alaska",earthquake,,0.5,,,automatic,ak,ak
2017-05-02T19:30:06.360Z,32.7708333,-116.8876667,-0.36,1.22,ml,22,76,0.05798,0.23,ci,ci37638351,2017-05-02T21:14:12.815Z,"3km SSE of Granite Hills, California",quarry blast,0.41,31.61,0.26,11,reviewed,ci,ci
2017-05-02T19:28:10.820Z,47.0428333,-120.4233333,-0.49,1.62,ml,11,163,0.2992,0.31,uw,uw61277601,2017-05-02T21:27:10.690Z,"6km N of Kittitas, Washington",explosion,1.04,31.61,0.007,4,reviewed,uw,uw
2017-05-02T19:27:52.520Z,59.7591,-136.6778,5.71,2.9,ml,,92,0.553,0.63,us,us10008naa,2017-05-03T16:35:52.040Z,"83km WNW of Skagway, Alaska",earthquake,3.9,2.3,0.052,49,reviewed,us,us
2017-05-02T19:27:02.005Z,59.8011,-136.8264,0,2.5,ml,,,,0.74,ak,ak15876940,2017-05-02T19:39:48.956Z,"93km WNW of Skagway, Alaska",earthquake,,0.4,,,automatic,ak,ak
2017-05-02T19:26:44.296Z,59.7789,-136.6469,7.6,2.2,ml,,,,0.96,ak,ak15876941,2017-05-02T19:36:07.352Z,"83km WNW of Skagway, Alaska",earthquake,,0.4,,,automatic,ak,ak
2017-05-02T19:11:04.847Z,36.0814,-116.6839,9,0.1,ml,4,191.18,0.105,0.0609,nn,nn00587775,2017-05-02T21:31:44.689Z,"64km WSW of Pahrump, Nevada",earthquake,,5.2,0.4,4,reviewed,nn,nn
2017-05-02T19:09:13.040Z,45.8981667,-111.2795,3.75,1.76,ml,16,101,0.256,0.26,mb,mb80207609,2017-05-02T19:34:54.750Z,"6km NE of Manhattan, Montana",earthquake,0.51,7.12,0.128,3,reviewed,mb,mb
2017-05-02T19:08:01.537Z,65.9253,-151.0954,6.7,0.5,ml,,,,0.69,ak,ak15876938,2017-05-03T01:40:52.864Z,"95km NNE of Tanana, Alaska",earthquake,,0.9,,,reviewed,ak,ak
2017-05-02T19:06:57.830Z,34.9845,-118.1893333,-0.86,1.2,ml,10,127,0.1103,0.15,ci,ci37638335,2017-05-02T21:06:53.772Z,"7km S of Mojave, California",quarry blast,0.51,31.61,0.089,8,reviewed,ci,ci
2017-05-02T18:56:20.870Z,34.3221667,-116.935,-1.74,1.17,ml,12,95,0.06087,0.17,ci,ci37638311,2017-05-02T20:59:04.696Z,"8km NNW of Big Bear Lake, California",quarry blast,0.59,31.61,0.112,16,reviewed,ci,ci
2017-05-02T18:55:45.000Z,47.1808333,-122.2023333,16.04,1.13,ml,11,97,0.09153,0.09,uw,uw61277586,2017-05-02T21:08:32.210Z,"1km WNW of Bonney Lake, Washington",earthquake,0.55,0.86,0.21,9,reviewed,uw,uw
2017-05-02T18:53:17.100Z,59.7761,-136.7066,0,1.7,ml,,,,0.75,ak,ak15876921,2017-05-02T19:00:11.745Z,"86km WNW of Skagway, Alaska",earthquake,,0.4,,,automatic,ak,ak
2017-05-02T18:48:01.060Z,36.6917,-97.6705,1.87,2.5,mb_lg,,50,0.22,0.24,us,us10008n5i,2017-05-03T16:18:56.136Z,"13km SSE of Medford, Oklahoma",earthquake,1,0.2,0.117,19,reviewed,us,us
2017-05-02T18:47:50.890Z,33.453,-116.5481667,11.31,0.89,ml,29,84,0.0614,0.11,ci,ci37638303,2017-05-02T20:54:02.960Z,"16km SE of Anza, California",earthquake,0.18,0.35,0.191,24,reviewed,ci,ci
